home_team,away_team,home_score,away_score
Bulldogs,Panthers,32,16
Dragons,Sea Eagles,18,28
Broncos,Cowboys,31,35
Rabbitohs,Raiders,34,36
Sharks,Roosters,22,34
Storm,Warriors,14,38
Eels,Titans,10,52
Wests Tigers,Knights,42,22
